scenario_id,workload_profile,policy,workers,trial,seed,offered_jobs_per_second,planned,accepted,succeeded,failed_or_dead,unfinished_at_deadline,submission_ms,completion_drain_ms,total_batch_ms,observed_submit_jobs_per_second,whole_batch_execution_jobs_per_second,p95_acceptance_to_assignment_ms,p95_acceptance_to_start_ms,p50_schedule_to_start_ms,p95_schedule_to_start_ms,max_schedule_to_start_ms,p95_ready_wait_by_workload,unfinished_by_workload,max_oldest_ready_age_ms,mean_db_cpu_cores,max_db_cpu_cores,mean_sampled_lock_wait_fraction,mean_gpu_reserved_vram_mb,mean_gpu_capacity_vram_mb,mean_gpu_reservation_ratio,mean_free_gpu_vram_mb,mean_subthreshold_available_vram_slack_mb,mean_whole_device_stranded_vram_mb,small_gpu_jobs_accepted,small_gpu_jobs_placed_on_large_gpu,error
bench-cpu-w1-best-fit-ropen-t1,cpu,best-fit,1,1,608,0.000000,300,300,300,0,0,786.621000,11702.191000,12488.812000,381.377866,24.021498,11205.456000,11279.517000,6343.291000,10545.762000,11149.492000,"{""cpu"":10545.762}",{},11140.513000,0.124835,0.519348,0.055000,,,,,,,0,0,
bench-cpu-w1-best-fit-ropen-t2,cpu,best-fit,1,2,609,0.000000,300,300,300,0,0,876.447000,11603.013000,12479.461000,342.290979,24.039499,11161.499000,11182.213000,6417.259000,10464.784000,11047.896000,"{""cpu"":10464.784}",{},11030.065000,0.137618,0.600071,0.055000,,,,,,,0,0,
bench-cpu-w1-best-fit-ropen-t3,cpu,best-fit,1,3,610,0.000000,300,300,300,0,0,974.987000,11501.334000,12476.322000,307.696168,24.045547,10996.773000,11032.308000,6345.324000,10242.344000,10761.646000,"{""cpu"":10242.344}",{},10575.230000,0.157623,0.640124,0.068000,,,,,,,0,0,
bench-cpu-w2-best-fit-ropen-t1,cpu,best-fit,2,1,608,0.000000,300,300,300,0,0,878.731000,6304.517000,7183.249000,341.401196,41.763830,6068.190000,6097.422000,3508.823000,5495.120000,5736.602000,"{""cpu"":5495.12}",{},5506.256000,0.227609,0.680005,0.164368,,,,,,,0,0,
bench-cpu-w2-best-fit-ropen-t2,cpu,best-fit,2,2,609,0.000000,300,300,300,0,0,960.730000,6401.434000,7362.165000,312.262328,40.748879,6252.632000,6286.668000,3504.940000,5660.639000,5935.556000,"{""cpu"":5660.639}",{},5752.563000,0.239968,0.680859,0.146667,,,,,,,0,0,
bench-cpu-w2-best-fit-ropen-t3,cpu,best-fit,2,3,610,0.000000,300,300,300,0,0,1071.298000,6306.051000,7377.350000,280.033952,40.665007,6109.390000,6166.093000,3529.994000,5424.763000,5696.574000,"{""cpu"":5424.763}",{},5467.602000,0.273056,0.638793,0.135632,,,,,,,0,0,
bench-cpu-w4-best-fit-ropen-t1,cpu,best-fit,4,1,608,0.000000,300,300,300,0,0,1178.068000,3806.896000,4984.966000,254.654021,60.180951,3819.917000,3861.567000,2288.422000,3101.425000,3269.480000,"{""cpu"":3101.425}",{},3142.961000,0.425922,0.920751,0.150833,,,,,,,0,0,
bench-cpu-w4-best-fit-ropen-t2,cpu,best-fit,4,2,609,0.000000,300,300,300,0,0,1168.014000,3706.833000,4874.847000,256.846236,61.540385,3791.683000,3813.403000,2268.940000,3039.124000,3207.176000,"{""cpu"":3039.124}",{},3118.306000,0.452634,0.919904,0.168421,,,,,,,0,0,
bench-cpu-w4-best-fit-ropen-t3,cpu,best-fit,4,3,610,0.000000,300,300,300,0,0,1315.812000,3708.165000,5023.978000,227.995983,59.713634,3831.079000,3890.193000,2319.811000,3066.203000,3233.541000,"{""cpu"":3066.203}",{},3128.928000,0.452003,0.923602,0.192500,,,,,,,0,0,
bench-cpu-w8-best-fit-ropen-t1,cpu,best-fit,8,1,608,0.000000,300,300,300,0,0,1392.150000,2608.872000,4001.023000,215.493988,74.980819,2914.237000,2955.195000,1682.880000,2299.507000,2394.213000,"{""cpu"":2299.507}",{},2152.745000,0.672501,1.156482,0.284375,,,,,,,0,0,
bench-cpu-w8-best-fit-ropen-t2,cpu,best-fit,8,2,609,0.000000,300,300,300,0,0,1476.063000,2710.100000,4186.163000,203.243342,71.664664,3148.705000,3192.225000,1816.791000,2493.550000,2571.341000,"{""cpu"":2493.55}",{},2518.208000,0.691850,1.078910,0.291176,,,,,,,0,0,
bench-cpu-w8-best-fit-ropen-t3,cpu,best-fit,8,3,610,0.000000,300,300,300,0,0,1545.504000,2611.014000,4156.519000,194.111360,72.175779,2906.256000,2974.654000,1655.643000,2304.546000,2412.175000,"{""cpu"":2304.546}",{},2198.320000,0.668163,1.080525,0.349020,,,,,,,0,0,
bench-cpu-w16-best-fit-ropen-t1,cpu,best-fit,16,1,608,0.000000,300,300,300,0,0,1689.247000,2411.963000,4101.211000,177.593853,73.149116,2954.096000,3013.283000,1434.851000,2513.311000,2610.725000,"{""cpu"":2513.311}",{},2503.647000,1.005096,1.400167,0.258333,,,,,,,0,0,
bench-cpu-w16-best-fit-ropen-t2,cpu,best-fit,16,2,609,0.000000,300,300,300,0,0,1766.410000,2501.725000,4268.135000,169.835960,70.288298,3181.602000,3249.158000,1534.362000,2640.124000,2733.365000,"{""cpu"":2640.124}",{},2529.087000,0.974139,1.200430,0.362745,,,,,,,0,0,
bench-cpu-w16-best-fit-ropen-t3,cpu,best-fit,16,3,610,0.000000,300,300,300,0,0,1799.272000,2402.315000,4201.588000,166.734055,71.401563,3110.429000,3122.114000,1501.812000,2604.527000,2673.515000,"{""cpu"":2604.527}",{},2459.392000,0.933999,1.556885,0.297339,,,,,,,0,0,
