at,scenario_id,db_cpu_core_equivalents,proc_cpu_error,active_app_connections,idle_app_connections,lock_waiters,sampled_lock_wait_fraction,oldest_ready_age_ms,gpu_reserved_vram_mb,gpu_capacity_vram_mb,gpu_free_vram_mb,gpu_available_devices,gpu_reserved_devices,gpu_reservation_ratio,subthreshold_available_vram_slack_for_16gb_job_mb,whole_device_stranded_vram_mb,connections_by_application
2026-09-30T13:58:33.898824138Z,startup,,CPU sampler warming up,0,30,0,0.000000,,0,0,0,0,0,,0,0,"{""atlasexp-api-bf970c"":{""active"":0,""idle"":1,""other"":0},""atlasexp-worker-w00-cpu-00-7083b1"":{""active"":0,""idle"":4,""other"":0},""atlasexp-worker-w00-cpu-01-0dd0a6"":{""active"":0,""idle"":4,""other"":0},""atlasexp-worker-w00-cpu-02-a253c0"":{""active"":0,""idle"":4,""other"":0},""atlasexp-worker-w00-cpu-03-53cc17"":{""active"":0,""idle"":1,""other"":3},""atlasexp-worker-w00-cpu-04-9f3d85"":{""active"":0,""idle"":4,""other"":0},""atlasexp-worker-w00-cpu-05-6e6a6f"":{""active"":0,""idle"":4,""other"":0},""atlasexp-worker-w00-cpu-06-971aed"":{""active"":0,""idle"":4,""other"":0},""atlasexp-worker-w00-cpu-07-2d68d1"":{""active"":0,""idle"":4,""other"":0}}"
2026-09-30T13:58:34.148614824Z,bench-cpu-w8-best-fit-ropen-t1,0.240201,,4,31,4,1.000000,86.732000,0,0,0,0,0,,0,0,"{""atlasexp-api-bf970c"":{""active"":3,""idle"":0,""other"":1},""atlasexp-scheduler-best-fit-85c8ab"":{""active"":1,""idle"":1,""other"":0},""atlasexp-worker-w00-cpu-00-7083b1"":{""active"":0,""idle"":4,""other"":0},""atlasexp-worker-w00-cpu-01-0dd0a6"":{""active"":0,""idle"":3,""other"":1},""atlasexp-worker-w00-cpu-02-a253c0"":{""active"":0,""idle"":4,""other"":0},""atlasexp-worker-w00-cpu-03-53cc17"":{""active"":0,""idle"":4,""other"":0},""atlasexp-worker-w00-cpu-04-9f3d85"":{""active"":0,""idle"":4,""other"":0},""atlasexp-worker-w00-cpu-05-6e6a6f"":{""active"":0,""idle"":3,""other"":1},""atlasexp-worker-w00-cpu-06-971aed"":{""active"":0,""idle"":4,""other"":0},""atlasexp-worker-w00-cpu-07-2d68d1"":{""active"":0,""idle"":4,""other"":0}}"
2026-09-30T13:58:34.39856001Z,bench-cpu-w8-best-fit-ropen-t1,0.800175,,3,34,3,1.000000,275.459000,0,0,0,0,0,,0,0,"{""atlasexp-api-bf970c"":{""active"":3,""idle"":0,""other"":1},""atlasexp-scheduler-best-fit-85c8ab"":{""active"":0,""idle"":2,""other"":0},""atlasexp-worker-w00-cpu-00-7083b1"":{""active"":0,""idle"":4,""other"":0},""atlasexp-worker-w00-cpu-01-0dd0a6"":{""active"":0,""idle"":4,""other"":0},""atlasexp-worker-w00-cpu-02-a253c0"":{""active"":0,""idle"":4,""other"":0},""atlasexp-worker-w00-cpu-03-53cc17"":{""active"":0,""idle"":4,""other"":0},""atlasexp-worker-w00-cpu-04-9f3d85"":{""active"":0,""idle"":4,""other"":0},""atlasexp-worker-w00-cpu-05-6e6a6f"":{""active"":0,""idle"":4,""other"":0},""atlasexp-worker-w00-cpu-06-971aed"":{""active"":0,""idle"":4,""other"":0},""atlasexp-worker-w00-cpu-07-2d68d1"":{""active"":0,""idle"":4,""other"":0}}"
2026-09-30T13:58:34.648535051Z,bench-cpu-w8-best-fit-ropen-t1,0.680068,,4,33,3,0.750000,230.059000,0,0,0,0,0,,0,0,"{""atlasexp-api-bf970c"":{""active"":3,""idle"":0,""other"":1},""atlasexp-scheduler-best-fit-85c8ab"":{""active"":1,""idle"":1,""other"":0},""atlasexp-worker-w00-cpu-00-7083b1"":{""active"":0,""idle"":4,""other"":0},""atlasexp-worker-w00-cpu-01-0dd0a6"":{""active"":0,""idle"":4,""other"":0},""atlasexp-worker-w00-cpu-02-a253c0"":{""active"":0,""idle"":4,""other"":0},""atlasexp-worker-w00-cpu-03-53cc17"":{""active"":0,""idle"":4,""other"":0},""atlasexp-worker-w00-cpu-04-9f3d85"":{""active"":0,""idle"":4,""other"":0},""atlasexp-worker-w00-cpu-05-6e6a6f"":{""active"":0,""idle"":4,""other"":0},""atlasexp-worker-w00-cpu-06-971aed"":{""active"":0,""idle"":4,""other"":0},""atlasexp-worker-w00-cpu-07-2d68d1"":{""active"":0,""idle"":4,""other"":0}}"
2026-09-30T13:58:34.898115996Z,bench-cpu-w8-best-fit-ropen-t1,0.681142,,4,32,3,0.750000,479.629000,0,0,0,0,0,,0,0,"{""atlasexp-api-bf970c"":{""active"":3,""idle"":0,""other"":1},""atlasexp-scheduler-best-fit-85c8ab"":{""active"":1,""idle"":1,""other"":0},""atlasexp-worker-w00-cpu-00-7083b1"":{""active"":0,""idle"":4,""other"":0},""atlasexp-worker-w00-cpu-01-0dd0a6"":{""active"":0,""idle"":4,""other"":0},""atlasexp-worker-w00-cpu-02-a253c0"":{""active"":0,""idle"":3,""other"":1},""atlasexp-worker-w00-cpu-03-53cc17"":{""active"":0,""idle"":4,""other"":0},""atlasexp-worker-w00-cpu-04-9f3d85"":{""active"":0,""idle"":4,""other"":0},""atlasexp-worker-w00-cpu-05-6e6a6f"":{""active"":0,""idle"":4,""other"":0},""atlasexp-worker-w00-cpu-06-971aed"":{""active"":0,""idle"":4,""other"":0},""atlasexp-worker-w00-cpu-07-2d68d1"":{""active"":0,""idle"":4,""other"":0}}"
2026-09-30T13:58:35.148539095Z,bench-cpu-w8-best-fit-ropen-t1,0.239595,,1,37,0,0.000000,729.984000,0,0,0,0,0,,0,0,"{""atlasexp-api-bf970c"":{""active"":0,""idle"":4,""other"":0},""atlasexp-scheduler-best-fit-85c8ab"":{""active"":1,""idle"":1,""other"":0},""atlasexp-worker-w00-cpu-00-7083b1"":{""active"":0,""idle"":4,""other"":0},""atlasexp-worker-w00-cpu-01-0dd0a6"":{""active"":0,""idle"":4,""other"":0},""atlasexp-worker-w00-cpu-02-a253c0"":{""active"":0,""idle"":4,""other"":0},""atlasexp-worker-w00-cpu-03-53cc17"":{""active"":0,""idle"":4,""other"":0},""atlasexp-worker-w00-cpu-04-9f3d85"":{""active"":0,""idle"":4,""other"":0},""atlasexp-worker-w00-cpu-05-6e6a6f"":{""active"":0,""idle"":4,""other"":0},""atlasexp-worker-w00-cpu-06-971aed"":{""active"":0,""idle"":4,""other"":0},""atlasexp-worker-w00-cpu-07-2d68d1"":{""active"":0,""idle"":4,""other"":0}}"
2026-09-30T13:58:35.399050408Z,bench-cpu-w8-best-fit-ropen-t1,0.678612,,0,37,0,0.000000,980.396000,0,0,0,0,0,,0,0,"{""atlasexp-api-bf970c"":{""active"":0,""idle"":4,""other"":0},""atlasexp-scheduler-best-fit-85c8ab"":{""active"":0,""idle"":1,""other"":1},""atlasexp-worker-w00-cpu-00-7083b1"":{""active"":0,""idle"":4,""other"":0},""atlasexp-worker-w00-cpu-01-0dd0a6"":{""active"":0,""idle"":4,""other"":0},""atlasexp-worker-w00-cpu-02-a253c0"":{""active"":0,""idle"":4,""other"":0},""atlasexp-worker-w00-cpu-03-53cc17"":{""active"":0,""idle"":4,""other"":0},""atlasexp-worker-w00-cpu-04-9f3d85"":{""active"":0,""idle"":4,""other"":0},""atlasexp-worker-w00-cpu-05-6e6a6f"":{""active"":0,""idle"":4,""other"":0},""atlasexp-worker-w00-cpu-06-971aed"":{""active"":0,""idle"":4,""other"":0},""atlasexp-worker-w00-cpu-07-2d68d1"":{""active"":0,""idle"":4,""other"":0}}"
2026-09-30T13:58:35.648612508Z,bench-cpu-w8-best-fit-ropen-t1,0.360632,,0,35,0,0.000000,1229.935000,0,0,0,0,0,,0,0,"{""atlasexp-api-bf970c"":{""active"":0,""idle"":4,""other"":0},""atlasexp-scheduler-best-fit-85c8ab"":{""active"":0,""idle"":1,""other"":1},""atlasexp-worker-w00-cpu-00-7083b1"":{""active"":0,""idle"":4,""other"":0},""atlasexp-worker-w00-cpu-01-0dd0a6"":{""active"":0,""idle"":4,""other"":0},""atlasexp-worker-w00-cpu-02-a253c0"":{""active"":0,""idle"":4,""other"":0},""atlasexp-worker-w00-cpu-03-53cc17"":{""active"":0,""idle"":4,""other"":0},""atlasexp-worker-w00-cpu-04-9f3d85"":{""active"":0,""idle"":4,""other"":0},""atlasexp-worker-w00-cpu-05-6e6a6f"":{""active"":0,""idle"":4,""other"":0},""atlasexp-worker-w00-cpu-06-971aed"":{""active"":0,""idle"":3,""other"":1},""atlasexp-worker-w00-cpu-07-2d68d1"":{""active"":0,""idle"":3,""other"":1}}"
2026-09-30T13:58:35.89809103Z,bench-cpu-w8-best-fit-ropen-t1,0.360752,,3,35,0,0.000000,1479.659000,0,0,0,0,0,,0,0,"{""atlasexp-api-bf970c"":{""active"":0,""idle"":4,""other"":0},""atlasexp-scheduler-best-fit-85c8ab"":{""active"":1,""idle"":1,""other"":0},""atlasexp-worker-w00-cpu-00-7083b1"":{""active"":0,""idle"":4,""other"":0},""atlasexp-worker-w00-cpu-01-0dd0a6"":{""active"":0,""idle"":4,""other"":0},""atlasexp-worker-w00-cpu-02-a253c0"":{""active"":0,""idle"":4,""other"":0},""atlasexp-worker-w00-cpu-03-53cc17"":{""active"":1,""idle"":3,""other"":0},""atlasexp-worker-w00-cpu-04-9f3d85"":{""active"":1,""idle"":3,""other"":0},""atlasexp-worker-w00-cpu-05-6e6a6f"":{""active"":0,""idle"":4,""other"":0},""atlasexp-worker-w00-cpu-06-971aed"":{""active"":0,""idle"":4,""other"":0},""atlasexp-worker-w00-cpu-07-2d68d1"":{""active"":0,""idle"":4,""other"":0}}"
2026-09-30T13:58:36.148850798Z,bench-cpu-w8-best-fit-ropen-t1,0.398788,,3,34,0,0.000000,1730.285000,0,0,0,0,0,,0,0,"{""atlasexp-api-bf970c"":{""active"":0,""idle"":4,""other"":0},""atlasexp-scheduler-best-fit-85c8ab"":{""active"":1,""idle"":1,""other"":0},""atlasexp-worker-w00-cpu-00-7083b1"":{""active"":0,""idle"":4,""other"":0},""atlasexp-worker-w00-cpu-01-0dd0a6"":{""active"":0,""idle"":4,""other"":0},""atlasexp-worker-w00-cpu-02-a253c0"":{""active"":0,""idle"":3,""other"":1},""atlasexp-worker-w00-cpu-03-53cc17"":{""active"":1,""idle"":3,""other"":0},""atlasexp-worker-w00-cpu-04-9f3d85"":{""active"":1,""idle"":3,""other"":0},""atlasexp-worker-w00-cpu-05-6e6a6f"":{""active"":0,""idle"":4,""other"":0},""atlasexp-worker-w00-cpu-06-971aed"":{""active"":0,""idle"":4,""other"":0},""atlasexp-worker-w00-cpu-07-2d68d1"":{""active"":0,""idle"":4,""other"":0}}"
2026-09-30T13:58:36.39913083Z,bench-cpu-w8-best-fit-ropen-t1,0.799105,,1,37,0,0.000000,1094.441000,0,0,0,0,0,,0,0,"{""atlasexp-api-bf970c"":{""active"":0,""idle"":4,""other"":0},""atlasexp-scheduler-best-fit-85c8ab"":{""active"":1,""idle"":1,""other"":0},""atlasexp-worker-w00-cpu-00-7083b1"":{""active"":0,""idle"":4,""other"":0},""atlasexp-worker-w00-cpu-01-0dd0a6"":{""active"":0,""idle"":4,""other"":0},""atlasexp-worker-w00-cpu-02-a253c0"":{""active"":0,""idle"":4,""other"":0},""atlasexp-worker-w00-cpu-03-53cc17"":{""active"":0,""idle"":4,""other"":0},""atlasexp-worker-w00-cpu-04-9f3d85"":{""active"":0,""idle"":4,""other"":0},""atlasexp-worker-w00-cpu-05-6e6a6f"":{""active"":0,""idle"":4,""other"":0},""atlasexp-worker-w00-cpu-06-971aed"":{""active"":0,""idle"":4,""other"":0},""atlasexp-worker-w00-cpu-07-2d68d1"":{""active"":0,""idle"":4,""other"":0}}"
2026-09-30T13:58:36.648680677Z,bench-cpu-w8-best-fit-ropen-t1,0.721299,,0,38,0,0.000000,1344.132000,0,0,0,0,0,,0,0,"{""atlasexp-api-bf970c"":{""active"":0,""idle"":4,""other"":0},""atlasexp-scheduler-best-fit-85c8ab"":{""active"":0,""idle"":2,""other"":0},""atlasexp-worker-w00-cpu-00-7083b1"":{""active"":0,""idle"":4,""other"":0},""atlasexp-worker-w00-cpu-01-0dd0a6"":{""active"":0,""idle"":4,""other"":0},""atlasexp-worker-w00-cpu-02-a253c0"":{""active"":0,""idle"":4,""other"":0},""atlasexp-worker-w00-cpu-03-53cc17"":{""active"":0,""idle"":4,""other"":0},""atlasexp-worker-w00-cpu-04-9f3d85"":{""active"":0,""idle"":4,""other"":0},""atlasexp-worker-w00-cpu-05-6e6a6f"":{""active"":0,""idle"":4,""other"":0},""atlasexp-worker-w00-cpu-06-971aed"":{""active"":0,""idle"":4,""other"":0},""atlasexp-worker-w00-cpu-07-2d68d1"":{""active"":0,""idle"":4,""other"":0}}"
2026-09-30T13:58:36.898543377Z,bench-cpu-w8-best-fit-ropen-t1,0.560308,,0,37,0,0.000000,1593.980000,0,0,0,0,0,,0,0,"{""atlasexp-api-bf970c"":{""active"":0,""idle"":4,""other"":0},""atlasexp-scheduler-best-fit-85c8ab"":{""active"":0,""idle"":1,""other"":1},""atlasexp-worker-w00-cpu-00-7083b1"":{""active"":0,""idle"":4,""other"":0},""atlasexp-worker-w00-cpu-01-0dd0a6"":{""active"":0,""idle"":4,""other"":0},""atlasexp-worker-w00-cpu-02-a253c0"":{""active"":0,""idle"":4,""other"":0},""atlasexp-worker-w00-cpu-03-53cc17"":{""active"":0,""idle"":4,""other"":0},""atlasexp-worker-w00-cpu-04-9f3d85"":{""active"":0,""idle"":4,""other"":0},""atlasexp-worker-w00-cpu-05-6e6a6f"":{""active"":0,""idle"":4,""other"":0},""atlasexp-worker-w00-cpu-06-971aed"":{""active"":0,""idle"":4,""other"":0},""atlasexp-worker-w00-cpu-07-2d68d1"":{""active"":0,""idle"":4,""other"":0}}"
2026-09-30T13:58:37.148120265Z,bench-cpu-w8-best-fit-ropen-t1,0.721221,,0,38,0,0.000000,,0,0,0,0,0,,0,0,"{""atlasexp-api-bf970c"":{""active"":0,""idle"":4,""other"":0},""atlasexp-scheduler-best-fit-85c8ab"":{""active"":0,""idle"":2,""other"":0},""atlasexp-worker-w00-cpu-00-7083b1"":{""active"":0,""idle"":4,""other"":0},""atlasexp-worker-w00-cpu-01-0dd0a6"":{""active"":0,""idle"":4,""other"":0},""atlasexp-worker-w00-cpu-02-a253c0"":{""active"":0,""idle"":4,""other"":0},""atlasexp-worker-w00-cpu-03-53cc17"":{""active"":0,""idle"":4,""other"":0},""atlasexp-worker-w00-cpu-04-9f3d85"":{""active"":0,""idle"":4,""other"":0},""atlasexp-worker-w00-cpu-05-6e6a6f"":{""active"":0,""idle"":4,""other"":0},""atlasexp-worker-w00-cpu-06-971aed"":{""active"":0,""idle"":4,""other"":0},""atlasexp-worker-w00-cpu-07-2d68d1"":{""active"":0,""idle"":4,""other"":0}}"
2026-09-30T13:58:37.398752955Z,bench-cpu-w8-best-fit-ropen-t2,0.558586,,2,34,2,1.000000,119.663000,0,0,0,0,0,,0,0,"{""atlasexp-api-bf970c"":{""active"":2,""idle"":1,""other"":1},""atlasexp-scheduler-best-fit-85c8ab"":{""active"":0,""idle"":1,""other"":1},""atlasexp-worker-w00-cpu-00-7083b1"":{""active"":0,""idle"":4,""other"":0},""atlasexp-worker-w00-cpu-01-0dd0a6"":{""active"":0,""idle"":4,""other"":0},""atlasexp-worker-w00-cpu-02-a253c0"":{""active"":0,""idle"":4,""other"":0},""atlasexp-worker-w00-cpu-03-53cc17"":{""active"":0,""idle"":4,""other"":0},""atlasexp-worker-w00-cpu-04-9f3d85"":{""active"":0,""idle"":4,""other"":0},""atlasexp-worker-w00-cpu-05-6e6a6f"":{""active"":0,""idle"":4,""other"":0},""atlasexp-worker-w00-cpu-06-971aed"":{""active"":0,""idle"":4,""other"":0},""atlasexp-worker-w00-cpu-07-2d68d1"":{""active"":0,""idle"":4,""other"":0}}"
2026-09-30T13:58:37.648335572Z,bench-cpu-w8-best-fit-ropen-t2,0.721204,,3,34,3,1.000000,153.801000,0,0,0,0,0,,0,0,"{""atlasexp-api-bf970c"":{""active"":3,""idle"":0,""other"":1},""atlasexp-scheduler-best-fit-85c8ab"":{""active"":0,""idle"":2,""other"":0},""atlasexp-worker-w00-cpu-00-7083b1"":{""active"":0,""idle"":4,""other"":0},""atlasexp-worker-w00-cpu-01-0dd0a6"":{""active"":0,""idle"":4,""other"":0},""atlasexp-worker-w00-cpu-02-a253c0"":{""active"":0,""idle"":4,""other"":0},""atlasexp-worker-w00-cpu-03-53cc17"":{""active"":0,""idle"":4,""other"":0},""atlasexp-worker-w00-cpu-04-9f3d85"":{""active"":0,""idle"":4,""other"":0},""atlasexp-worker-w00-cpu-05-6e6a6f"":{""active"":0,""idle"":4,""other"":0},""atlasexp-worker-w00-cpu-06-971aed"":{""active"":0,""idle"":4,""other"":0},""atlasexp-worker-w00-cpu-07-2d68d1"":{""active"":0,""idle"":4,""other"":0}}"
2026-09-30T13:58:37.898018648Z,bench-cpu-w8-best-fit-ropen-t2,0.440558,,5,33,4,0.800000,403.398000,0,0,0,0,0,,0,0,"{""atlasexp-api-bf970c"":{""active"":4,""idle"":0,""other"":0},""atlasexp-scheduler-best-fit-85c8ab"":{""active"":1,""idle"":1,""other"":0},""atlasexp-worker-w00-cpu-00-7083b1"":{""active"":0,""idle"":4,""other"":0},""atlasexp-worker-w00-cpu-01-0dd0a6"":{""active"":0,""idle"":4,""other"":0},""atlasexp-worker-w00-cpu-02-a253c0"":{""active"":0,""idle"":4,""other"":0},""atlasexp-worker-w00-cpu-03-53cc17"":{""active"":0,""idle"":4,""other"":0},""atlasexp-worker-w00-cpu-04-9f3d85"":{""active"":0,""idle"":4,""other"":0},""atlasexp-worker-w00-cpu-05-6e6a6f"":{""active"":0,""idle"":4,""other"":0},""atlasexp-worker-w00-cpu-06-971aed"":{""active"":0,""idle"":4,""other"":0},""atlasexp-worker-w00-cpu-07-2d68d1"":{""active"":0,""idle"":4,""other"":0}}"
2026-09-30T13:58:38.14875939Z,bench-cpu-w8-best-fit-ropen-t2,0.398818,,2,34,0,0.000000,654.162000,0,0,0,0,0,,0,0,"{""atlasexp-api-bf970c"":{""active"":0,""idle"":4,""other"":0},""atlasexp-scheduler-best-fit-85c8ab"":{""active"":1,""idle"":1,""other"":0},""atlasexp-worker-w00-cpu-00-7083b1"":{""active"":0,""idle"":4,""other"":0},""atlasexp-worker-w00-cpu-01-0dd0a6"":{""active"":0,""idle"":4,""other"":0},""atlasexp-worker-w00-cpu-02-a253c0"":{""active"":0,""idle"":4,""other"":0},""atlasexp-worker-w00-cpu-03-53cc17"":{""active"":1,""idle"":3,""other"":0},""atlasexp-worker-w00-cpu-04-9f3d85"":{""active"":0,""idle"":4,""other"":0},""atlasexp-worker-w00-cpu-05-6e6a6f"":{""active"":0,""idle"":2,""other"":2},""atlasexp-worker-w00-cpu-06-971aed"":{""active"":0,""idle"":4,""other"":0},""atlasexp-worker-w00-cpu-07-2d68d1"":{""active"":0,""idle"":4,""other"":0}}"
2026-09-30T13:58:38.398083154Z,bench-cpu-w8-best-fit-ropen-t2,0.641736,,1,36,0,0.000000,903.357000,0,0,0,0,0,,0,0,"{""atlasexp-api-bf970c"":{""active"":0,""idle"":4,""other"":0},""atlasexp-scheduler-best-fit-85c8ab"":{""active"":1,""idle"":1,""other"":0},""atlasexp-worker-w00-cpu-00-7083b1"":{""active"":0,""idle"":4,""other"":0},""atlasexp-worker-w00-cpu-01-0dd0a6"":{""active"":0,""idle"":4,""other"":0},""atlasexp-worker-w00-cpu-02-a253c0"":{""active"":0,""idle"":4,""other"":0},""atlasexp-worker-w00-cpu-03-53cc17"":{""active"":0,""idle"":3,""other"":1},""atlasexp-worker-w00-cpu-04-9f3d85"":{""active"":0,""idle"":4,""other"":0},""atlasexp-worker-w00-cpu-05-6e6a6f"":{""active"":0,""idle"":4,""other"":0},""atlasexp-worker-w00-cpu-06-971aed"":{""active"":0,""idle"":4,""other"":0},""atlasexp-worker-w00-cpu-07-2d68d1"":{""active"":0,""idle"":4,""other"":0}}"
2026-09-30T13:58:38.648557809Z,bench-cpu-w8-best-fit-ropen-t2,0.159697,,0,37,0,0.000000,1154.054000,0,0,0,0,0,,0,0,"{""atlasexp-api-bf970c"":{""active"":0,""idle"":4,""other"":0},""atlasexp-scheduler-best-fit-85c8ab"":{""active"":0,""idle"":1,""other"":1},""atlasexp-worker-w00-cpu-00-7083b1"":{""active"":0,""idle"":4,""other"":0},""atlasexp-worker-w00-cpu-01-0dd0a6"":{""active"":0,""idle"":4,""other"":0},""atlasexp-worker-w00-cpu-02-a253c0"":{""active"":0,""idle"":4,""other"":0},""atlasexp-worker-w00-cpu-03-53cc17"":{""active"":0,""idle"":4,""other"":0},""atlasexp-worker-w00-cpu-04-9f3d85"":{""active"":0,""idle"":4,""other"":0},""atlasexp-worker-w00-cpu-05-6e6a6f"":{""active"":0,""idle"":4,""other"":0},""atlasexp-worker-w00-cpu-06-971aed"":{""active"":0,""idle"":4,""other"":0},""atlasexp-worker-w00-cpu-07-2d68d1"":{""active"":0,""idle"":4,""other"":0}}"
2026-09-30T13:58:38.898781062Z,bench-cpu-w8-best-fit-ropen-t2,0.479572,,1,36,0,0.000000,1404.021000,0,0,0,0,0,,0,0,"{""atlasexp-api-bf970c"":{""active"":0,""idle"":4,""other"":0},""atlasexp-scheduler-best-fit-85c8ab"":{""active"":0,""idle"":2,""other"":0},""atlasexp-worker-w00-cpu-00-7083b1"":{""active"":0,""idle"":4,""other"":0},""atlasexp-worker-w00-cpu-01-0dd0a6"":{""active"":0,""idle"":4,""other"":0},""atlasexp-worker-w00-cpu-02-a253c0"":{""active"":0,""idle"":4,""other"":0},""atlasexp-worker-w00-cpu-03-53cc17"":{""active"":0,""idle"":4,""other"":0},""atlasexp-worker-w00-cpu-04-9f3d85"":{""active"":0,""idle"":3,""other"":1},""atlasexp-worker-w00-cpu-05-6e6a6f"":{""active"":0,""idle"":4,""other"":0},""atlasexp-worker-w00-cpu-06-971aed"":{""active"":0,""idle"":4,""other"":0},""atlasexp-worker-w00-cpu-07-2d68d1"":{""active"":1,""idle"":3,""other"":0}}"
2026-09-30T13:58:39.148090846Z,bench-cpu-w8-best-fit-ropen-t2,0.401107,,1,36,0,0.000000,1653.400000,0,0,0,0,0,,0,0,"{""atlasexp-api-bf970c"":{""active"":0,""idle"":4,""other"":0},""atlasexp-scheduler-best-fit-85c8ab"":{""active"":0,""idle"":2,""other"":0},""atlasexp-worker-w00-cpu-00-7083b1"":{""active"":0,""idle"":4,""other"":0},""atlasexp-worker-w00-cpu-01-0dd0a6"":{""active"":0,""idle"":4,""other"":0},""atlasexp-worker-w00-cpu-02-a253c0"":{""active"":1,""idle"":3,""other"":0},""atlasexp-worker-w00-cpu-03-53cc17"":{""active"":0,""idle"":4,""other"":0},""atlasexp-worker-w00-cpu-04-9f3d85"":{""active"":0,""idle"":3,""other"":1},""atlasexp-worker-w00-cpu-05-6e6a6f"":{""active"":0,""idle"":4,""other"":0},""atlasexp-worker-w00-cpu-06-971aed"":{""active"":0,""idle"":4,""other"":0},""atlasexp-worker-w00-cpu-07-2d68d1"":{""active"":0,""idle"":4,""other"":0}}"
2026-09-30T13:58:39.398388868Z,bench-cpu-w8-best-fit-ropen-t2,0.759095,,4,33,0,0.000000,1118.598000,0,0,0,0,0,,0,0,"{""atlasexp-api-bf970c"":{""active"":0,""idle"":4,""other"":0},""atlasexp-scheduler-best-fit-85c8ab"":{""active"":1,""idle"":1,""other"":0},""atlasexp-worker-w00-cpu-00-7083b1"":{""active"":0,""idle"":4,""other"":0},""atlasexp-worker-w00-cpu-01-0dd0a6"":{""active"":1,""idle"":3,""other"":0},""atlasexp-worker-w00-cpu-02-a253c0"":{""active"":1,""idle"":2,""other"":1},""atlasexp-worker-w00-cpu-03-53cc17"":{""active"":0,""idle"":4,""other"":0},""atlasexp-worker-w00-cpu-04-9f3d85"":{""active"":0,""idle"":4,""other"":0},""atlasexp-worker-w00-cpu-05-6e6a6f"":{""active"":0,""idle"":4,""other"":0},""atlasexp-worker-w00-cpu-06-971aed"":{""active"":0,""idle"":4,""other"":0},""atlasexp-worker-w00-cpu-07-2d68d1"":{""active"":1,""idle"":3,""other"":0}}"
2026-09-30T13:58:39.648114291Z,bench-cpu-w8-best-fit-ropen-t2,0.680748,,1,36,0,0.000000,1368.134000,0,0,0,0,0,,0,0,"{""atlasexp-api-bf970c"":{""active"":0,""idle"":4,""other"":0},""atlasexp-scheduler-best-fit-85c8ab"":{""active"":1,""idle"":1,""other"":0},""atlasexp-worker-w00-cpu-00-7083b1"":{""active"":0,""idle"":4,""other"":0},""atlasexp-worker-w00-cpu-01-0dd0a6"":{""active"":0,""idle"":4,""other"":0},""atlasexp-worker-w00-cpu-02-a253c0"":{""active"":0,""idle"":3,""other"":1},""atlasexp-worker-w00-cpu-03-53cc17"":{""active"":0,""idle"":4,""other"":0},""atlasexp-worker-w00-cpu-04-9f3d85"":{""active"":0,""idle"":4,""other"":0},""atlasexp-worker-w00-cpu-05-6e6a6f"":{""active"":0,""idle"":4,""other"":0},""atlasexp-worker-w00-cpu-06-971aed"":{""active"":0,""idle"":4,""other"":0},""atlasexp-worker-w00-cpu-07-2d68d1"":{""active"":0,""idle"":4,""other"":0}}"
2026-09-30T13:58:39.898375483Z,bench-cpu-w8-best-fit-ropen-t2,0.599374,,1,37,0,0.000000,1625.405000,0,0,0,0,0,,0,0,"{""atlasexp-api-bf970c"":{""active"":0,""idle"":4,""other"":0},""atlasexp-scheduler-best-fit-85c8ab"":{""active"":0,""idle"":2,""other"":0},""atlasexp-worker-w00-cpu-00-7083b1"":{""active"":0,""idle"":4,""other"":0},""atlasexp-worker-w00-cpu-01-0dd0a6"":{""active"":0,""idle"":4,""other"":0},""atlasexp-worker-w00-cpu-02-a253c0"":{""active"":0,""idle"":4,""other"":0},""atlasexp-worker-w00-cpu-03-53cc17"":{""active"":1,""idle"":3,""other"":0},""atlasexp-worker-w00-cpu-04-9f3d85"":{""active"":0,""idle"":4,""other"":0},""atlasexp-worker-w00-cpu-05-6e6a6f"":{""active"":0,""idle"":4,""other"":0},""atlasexp-worker-w00-cpu-06-971aed"":{""active"":0,""idle"":4,""other"":0},""atlasexp-worker-w00-cpu-07-2d68d1"":{""active"":0,""idle"":4,""other"":0}}"
2026-09-30T13:58:40.148418287Z,bench-cpu-w8-best-fit-ropen-t2,0.479918,,0,38,0,0.000000,,0,0,0,0,0,,0,0,"{""atlasexp-api-bf970c"":{""active"":0,""idle"":4,""other"":0},""atlasexp-scheduler-best-fit-85c8ab"":{""active"":0,""idle"":2,""other"":0},""atlasexp-worker-w00-cpu-00-7083b1"":{""active"":0,""idle"":4,""other"":0},""atlasexp-worker-w00-cpu-01-0dd0a6"":{""active"":0,""idle"":4,""other"":0},""atlasexp-worker-w00-cpu-02-a253c0"":{""active"":0,""idle"":4,""other"":0},""atlasexp-worker-w00-cpu-03-53cc17"":{""active"":0,""idle"":4,""other"":0},""atlasexp-worker-w00-cpu-04-9f3d85"":{""active"":0,""idle"":4,""other"":0},""atlasexp-worker-w00-cpu-05-6e6a6f"":{""active"":0,""idle"":4,""other"":0},""atlasexp-worker-w00-cpu-06-971aed"":{""active"":0,""idle"":4,""other"":0},""atlasexp-worker-w00-cpu-07-2d68d1"":{""active"":0,""idle"":4,""other"":0}}"
2026-09-30T13:58:40.39813373Z,bench-cpu-w8-best-fit-ropen-t3,0.720820,,3,32,4,1.333333,126.623000,0,0,0,0,0,,0,0,"{""atlasexp-api-bf970c"":{""active"":2,""idle"":0,""other"":2},""atlasexp-scheduler-best-fit-85c8ab"":{""active"":1,""idle"":1,""other"":0},""atlasexp-worker-w00-cpu-00-7083b1"":{""active"":0,""idle"":4,""other"":0},""atlasexp-worker-w00-cpu-01-0dd0a6"":{""active"":0,""idle"":4,""other"":0},""atlasexp-worker-w00-cpu-02-a253c0"":{""active"":0,""idle"":4,""other"":0},""atlasexp-worker-w00-cpu-03-53cc17"":{""active"":0,""idle"":4,""other"":0},""atlasexp-worker-w00-cpu-04-9f3d85"":{""active"":0,""idle"":4,""other"":0},""atlasexp-worker-w00-cpu-05-6e6a6f"":{""active"":0,""idle"":4,""other"":0},""atlasexp-worker-w00-cpu-06-971aed"":{""active"":0,""idle"":3,""other"":1},""atlasexp-worker-w00-cpu-07-2d68d1"":{""active"":0,""idle"":4,""other"":0}}"
2026-09-30T13:58:40.649090503Z,bench-cpu-w8-best-fit-ropen-t3,0.637560,,4,31,3,0.750000,377.679000,0,0,0,0,0,,0,0,"{""atlasexp-api-bf970c"":{""active"":3,""idle"":0,""other"":1},""atlasexp-scheduler-best-fit-85c8ab"":{""active"":1,""idle"":1,""other"":0},""atlasexp-worker-w00-cpu-00-7083b1"":{""active"":0,""idle"":4,""other"":0},""atlasexp-worker-w00-cpu-01-0dd0a6"":{""active"":0,""idle"":4,""other"":0},""atlasexp-worker-w00-cpu-02-a253c0"":{""active"":0,""idle"":4,""other"":0},""atlasexp-worker-w00-cpu-03-53cc17"":{""active"":0,""idle"":4,""other"":0},""atlasexp-worker-w00-cpu-04-9f3d85"":{""active"":0,""idle"":3,""other"":1},""atlasexp-worker-w00-cpu-05-6e6a6f"":{""active"":0,""idle"":4,""other"":0},""atlasexp-worker-w00-cpu-06-971aed"":{""active"":0,""idle"":4,""other"":0},""atlasexp-worker-w00-cpu-07-2d68d1"":{""active"":0,""idle"":3,""other"":1}}"
2026-09-30T13:58:40.898467364Z,bench-cpu-w8-best-fit-ropen-t3,0.601499,,3,33,3,1.000000,309.413000,0,0,0,0,0,,0,0,"{""atlasexp-api-bf970c"":{""active"":3,""idle"":0,""other"":1},""atlasexp-scheduler-best-fit-85c8ab"":{""active"":0,""idle"":2,""other"":0},""atlasexp-worker-w00-cpu-00-7083b1"":{""active"":0,""idle"":4,""other"":0},""atlasexp-worker-w00-cpu-01-0dd0a6"":{""active"":0,""idle"":4,""other"":0},""atlasexp-worker-w00-cpu-02-a253c0"":{""active"":0,""idle"":4,""other"":0},""atlasexp-worker-w00-cpu-03-53cc17"":{""active"":0,""idle"":3,""other"":1},""atlasexp-worker-w00-cpu-04-9f3d85"":{""active"":0,""idle"":4,""other"":0},""atlasexp-worker-w00-cpu-05-6e6a6f"":{""active"":0,""idle"":4,""other"":0},""atlasexp-worker-w00-cpu-06-971aed"":{""active"":0,""idle"":4,""other"":0},""atlasexp-worker-w00-cpu-07-2d68d1"":{""active"":0,""idle"":4,""other"":0}}"
2026-09-30T13:58:41.149141038Z,bench-cpu-w8-best-fit-ropen-t3,0.398925,,1,36,0,0.000000,560.045000,0,0,0,0,0,,0,0,"{""atlasexp-api-bf970c"":{""active"":0,""idle"":4,""other"":0},""atlasexp-scheduler-best-fit-85c8ab"":{""active"":1,""idle"":1,""other"":0},""atlasexp-worker-w00-cpu-00-7083b1"":{""active"":0,""idle"":4,""other"":0},""atlasexp-worker-w00-cpu-01-0dd0a6"":{""active"":0,""idle"":4,""other"":0},""atlasexp-worker-w00-cpu-02-a253c0"":{""active"":0,""idle"":3,""other"":1},""atlasexp-worker-w00-cpu-03-53cc17"":{""active"":0,""idle"":4,""other"":0},""atlasexp-worker-w00-cpu-04-9f3d85"":{""active"":0,""idle"":4,""other"":0},""atlasexp-worker-w00-cpu-05-6e6a6f"":{""active"":0,""idle"":4,""other"":0},""atlasexp-worker-w00-cpu-06-971aed"":{""active"":0,""idle"":4,""other"":0},""atlasexp-worker-w00-cpu-07-2d68d1"":{""active"":0,""idle"":4,""other"":0}}"
2026-09-30T13:58:41.398542835Z,bench-cpu-w8-best-fit-ropen-t3,0.400959,,0,37,0,0.000000,809.461000,0,0,0,0,0,,0,0,"{""atlasexp-api-bf970c"":{""active"":0,""idle"":4,""other"":0},""atlasexp-scheduler-best-fit-85c8ab"":{""active"":0,""idle"":2,""other"":0},""atlasexp-worker-w00-cpu-00-7083b1"":{""active"":0,""idle"":4,""other"":0},""atlasexp-worker-w00-cpu-01-0dd0a6"":{""active"":0,""idle"":4,""other"":0},""atlasexp-worker-w00-cpu-02-a253c0"":{""active"":0,""idle"":3,""other"":1},""atlasexp-worker-w00-cpu-03-53cc17"":{""active"":0,""idle"":4,""other"":0},""atlasexp-worker-w00-cpu-04-9f3d85"":{""active"":0,""idle"":4,""other"":0},""atlasexp-worker-w00-cpu-05-6e6a6f"":{""active"":0,""idle"":4,""other"":0},""atlasexp-worker-w00-cpu-06-971aed"":{""active"":0,""idle"":4,""other"":0},""atlasexp-worker-w00-cpu-07-2d68d1"":{""active"":0,""idle"":4,""other"":0}}"
2026-09-30T13:58:41.648692299Z,bench-cpu-w8-best-fit-ropen-t3,0.559665,,1,37,0,0.000000,1059.815000,0,0,0,0,0,,0,0,"{""atlasexp-api-bf970c"":{""active"":0,""idle"":4,""other"":0},""atlasexp-scheduler-best-fit-85c8ab"":{""active"":1,""idle"":1,""other"":0},""atlasexp-worker-w00-cpu-00-7083b1"":{""active"":0,""idle"":4,""other"":0},""atlasexp-worker-w00-cpu-01-0dd0a6"":{""active"":0,""idle"":4,""other"":0},""atlasexp-worker-w00-cpu-02-a253c0"":{""active"":0,""idle"":4,""other"":0},""atlasexp-worker-w00-cpu-03-53cc17"":{""active"":0,""idle"":4,""other"":0},""atlasexp-worker-w00-cpu-04-9f3d85"":{""active"":0,""idle"":4,""other"":0},""atlasexp-worker-w00-cpu-05-6e6a6f"":{""active"":0,""idle"":4,""other"":0},""atlasexp-worker-w00-cpu-06-971aed"":{""active"":0,""idle"":4,""other"":0},""atlasexp-worker-w00-cpu-07-2d68d1"":{""active"":0,""idle"":4,""other"":0}}"
2026-09-30T13:58:41.898435865Z,bench-cpu-w8-best-fit-ropen-t3,0.240246,,1,37,0,0.000000,1309.747000,0,0,0,0,0,,0,0,"{""atlasexp-api-bf970c"":{""active"":0,""idle"":4,""other"":0},""atlasexp-scheduler-best-fit-85c8ab"":{""active"":1,""idle"":1,""other"":0},""atlasexp-worker-w00-cpu-00-7083b1"":{""active"":0,""idle"":4,""other"":0},""atlasexp-worker-w00-cpu-01-0dd0a6"":{""active"":0,""idle"":4,""other"":0},""atlasexp-worker-w00-cpu-02-a253c0"":{""active"":0,""idle"":4,""other"":0},""atlasexp-worker-w00-cpu-03-53cc17"":{""active"":0,""idle"":4,""other"":0},""atlasexp-worker-w00-cpu-04-9f3d85"":{""active"":0,""idle"":4,""other"":0},""atlasexp-worker-w00-cpu-05-6e6a6f"":{""active"":0,""idle"":4,""other"":0},""atlasexp-worker-w00-cpu-06-971aed"":{""active"":0,""idle"":4,""other"":0},""atlasexp-worker-w00-cpu-07-2d68d1"":{""active"":0,""idle"":4,""other"":0}}"
2026-09-30T13:58:42.148098218Z,bench-cpu-w8-best-fit-ropen-t3,0.560757,,2,35,0,0.000000,1559.255000,0,0,0,0,0,,0,0,"{""atlasexp-api-bf970c"":{""active"":0,""idle"":4,""other"":0},""atlasexp-scheduler-best-fit-85c8ab"":{""active"":0,""idle"":1,""other"":1},""atlasexp-worker-w00-cpu-00-7083b1"":{""active"":0,""idle"":4,""other"":0},""atlasexp-worker-w00-cpu-01-0dd0a6"":{""active"":0,""idle"":4,""other"":0},""atlasexp-worker-w00-cpu-02-a253c0"":{""active"":0,""idle"":4,""other"":0},""atlasexp-worker-w00-cpu-03-53cc17"":{""active"":1,""idle"":3,""other"":0},""atlasexp-worker-w00-cpu-04-9f3d85"":{""active"":0,""idle"":4,""other"":0},""atlasexp-worker-w00-cpu-05-6e6a6f"":{""active"":1,""idle"":3,""other"":0},""atlasexp-worker-w00-cpu-06-971aed"":{""active"":0,""idle"":4,""other"":0},""atlasexp-worker-w00-cpu-07-2d68d1"":{""active"":0,""idle"":4,""other"":0}}"
2026-09-30T13:58:42.39895255Z,bench-cpu-w8-best-fit-ropen-t3,0.717548,,1,36,0,0.000000,1810.038000,0,0,0,0,0,,0,0,"{""atlasexp-api-bf970c"":{""active"":0,""idle"":4,""other"":0},""atlasexp-scheduler-best-fit-85c8ab"":{""active"":0,""idle"":1,""other"":1},""atlasexp-worker-w00-cpu-00-7083b1"":{""active"":1,""idle"":3,""other"":0},""atlasexp-worker-w00-cpu-01-0dd0a6"":{""active"":0,""idle"":4,""other"":0},""atlasexp-worker-w00-cpu-02-a253c0"":{""active"":0,""idle"":4,""other"":0},""atlasexp-worker-w00-cpu-03-53cc17"":{""active"":0,""idle"":4,""other"":0},""atlasexp-worker-w00-cpu-04-9f3d85"":{""active"":0,""idle"":4,""other"":0},""atlasexp-worker-w00-cpu-05-6e6a6f"":{""active"":0,""idle"":4,""other"":0},""atlasexp-worker-w00-cpu-06-971aed"":{""active"":0,""idle"":4,""other"":0},""atlasexp-worker-w00-cpu-07-2d68d1"":{""active"":0,""idle"":4,""other"":0}}"
2026-09-30T13:58:42.648083712Z,bench-cpu-w8-best-fit-ropen-t3,0.842929,,0,37,0,0.000000,1191.129000,0,0,0,0,0,,0,0,"{""atlasexp-api-bf970c"":{""active"":0,""idle"":4,""other"":0},""atlasexp-scheduler-best-fit-85c8ab"":{""active"":0,""idle"":1,""other"":1},""atlasexp-worker-w00-cpu-00-7083b1"":{""active"":0,""idle"":4,""other"":0},""atlasexp-worker-w00-cpu-01-0dd0a6"":{""active"":0,""idle"":4,""other"":0},""atlasexp-worker-w00-cpu-02-a253c0"":{""active"":0,""idle"":4,""other"":0},""atlasexp-worker-w00-cpu-03-53cc17"":{""active"":0,""idle"":4,""other"":0},""atlasexp-worker-w00-cpu-04-9f3d85"":{""active"":0,""idle"":4,""other"":0},""atlasexp-worker-w00-cpu-05-6e6a6f"":{""active"":0,""idle"":4,""other"":0},""atlasexp-worker-w00-cpu-06-971aed"":{""active"":0,""idle"":4,""other"":0},""atlasexp-worker-w00-cpu-07-2d68d1"":{""active"":0,""idle"":4,""other"":0}}"
2026-09-30T13:58:42.898534238Z,bench-cpu-w8-best-fit-ropen-t3,0.798561,,3,33,0,0.000000,1442.861000,0,0,0,0,0,,0,0,"{""atlasexp-api-bf970c"":{""active"":0,""idle"":4,""other"":0},""atlasexp-scheduler-best-fit-85c8ab"":{""active"":1,""idle"":1,""other"":0},""atlasexp-worker-w00-cpu-00-7083b1"":{""active"":1,""idle"":3,""other"":0},""atlasexp-worker-w00-cpu-01-0dd0a6"":{""active"":0,""idle"":3,""other"":1},""atlasexp-worker-w00-cpu-02-a253c0"":{""active"":0,""idle"":3,""other"":1},""atlasexp-worker-w00-cpu-03-53cc17"":{""active"":0,""idle"":4,""other"":0},""atlasexp-worker-w00-cpu-04-9f3d85"":{""active"":1,""idle"":3,""other"":0},""atlasexp-worker-w00-cpu-05-6e6a6f"":{""active"":0,""idle"":4,""other"":0},""atlasexp-worker-w00-cpu-06-971aed"":{""active"":0,""idle"":4,""other"":0},""atlasexp-worker-w00-cpu-07-2d68d1"":{""active"":0,""idle"":4,""other"":0}}"
2026-09-30T13:58:43.148326295Z,bench-cpu-w8-best-fit-ropen-t3,0.400333,,1,37,0,0.000000,,0,0,0,0,0,,0,0,"{""atlasexp-api-bf970c"":{""active"":0,""idle"":4,""other"":0},""atlasexp-scheduler-best-fit-85c8ab"":{""active"":0,""idle"":2,""other"":0},""atlasexp-worker-w00-cpu-00-7083b1"":{""active"":0,""idle"":4,""other"":0},""atlasexp-worker-w00-cpu-01-0dd0a6"":{""active"":0,""idle"":4,""other"":0},""atlasexp-worker-w00-cpu-02-a253c0"":{""active"":0,""idle"":4,""other"":0},""atlasexp-worker-w00-cpu-03-53cc17"":{""active"":0,""idle"":4,""other"":0},""atlasexp-worker-w00-cpu-04-9f3d85"":{""active"":0,""idle"":4,""other"":0},""atlasexp-worker-w00-cpu-05-6e6a6f"":{""active"":1,""idle"":3,""other"":0},""atlasexp-worker-w00-cpu-06-971aed"":{""active"":0,""idle"":4,""other"":0},""atlasexp-worker-w00-cpu-07-2d68d1"":{""active"":0,""idle"":4,""other"":0}}"
